_id,name,email,address,phone
1,John Doe,johndoe@example.com,123 Maple Street,555-1234
2,Jane Smith,janesmith@example.com,456 Oak Avenue,555-5678
3,Emma Jones,emmajones@example.com,789 Pine Road,555-9012
4,Michael Brown,michaelbrown@example.com,135 Spruce Blvd,555-3456
5,Chloe Davis,chloedavis@example.com,246 Cedar Lane,555-7890
6,Lucas Miller,lucasmiller@example.com,357 Birch Parkway,555-6543
7,Sophia Wilson,sophiawilson@example.com,468 Elm St,555-3210
8,Mason Lee,masonlee@example.com,579 Palm Road,555-4321
9,Isabella Patel,isabellapatel@example.com,680 Oak Knoll,555-8765
10,Oliver Smith,oliversmith@example.com,791 Maple Ave,555-6789
