_id,name,brand,price,specs
101,Road Bike,Brand A,1200,"Carbon frame, Shimano gears"
102,Mountain Bike,Brand B,1500,"Aluminum frame, Hydraulic brakes"
103,Hybrid Bike,Brand C,900,"Steel frame, City tires"
104,Electric Bike,Brand D,2500,"Aluminum frame, 25 mph"
105,Folding Bike,Brand E,1100,"Carbon frame, Foldable"
106,BMX Bike,Brand F,450,"Steel frame, Stunt pegs"
107,Cruiser Bike,Brand G,300,"Aluminum frame, Wide tires"
108,Kids Bike,Brand H,200,"Steel frame, Training wheels"
109,Touring Bike,Brand I,1600,"Carbon frame, Pannier racks"
110,Gravel Bike,Brand J,1700,"Aluminum frame, All-terrain tires"
