[{
  "_id": "201",
  "customerId": "1",
  "productId": "101",
  "quantity": 1,
  "orderDate": "2023-01-10",
  "status": "Shipped"
},
{
  "_id": "202",
  "customerId": "2",
  "productId": "102",
  "quantity": 2,
  "orderDate": "2023-01-11",
  "status": "Processing"
},
{
  "_id": "203",
  "customerId": "3",
  "productId": "103",
  "quantity": 1,
  "orderDate": "2023-01-12",
  "status": "Delivered"
},
{
  "_id": "204",
  "customerId": "4",
  "productId": "104",
  "quantity": 1,
  "orderDate": "2023-01-13",
  "status": "Cancelled"
},
{
  "_id": "205",
  "customerId": "5",
  "productId": "105",
  "quantity": 1,
  "orderDate": "2023-01-14",
  "status": "Shipped"
},
{
  "_id": "206",
  "customerId": "6",
  "productId": "106",
  "quantity": 1,
  "orderDate": "2023-01-15",
  "status": "Processing"
},
{
  "_id": "207",
  "customerId": "7",
  "productId": "107",
  "quantity": 1,
  "orderDate": "2023-01-16",
  "status": "Delivered"
},
{
  "_id": "208",
  "customerId": "8",
  "productId": "108",
  "quantity": 1,
  "orderDate": "2023-01-17",
  "status": "Cancelled"
},
{
  "_id": "209",
  "customerId": "9",
  "productId": "109",
  "quantity": 1,
  "orderDate": "2023-01-18",
  "status": "Shipped"
},
{
  "_id": "210",
  "customerId": "10",
  "productId": "110",
  "quantity": 1,
  "orderDate": "2023-01-19",
  "status": "Processing"
}]