[{
  "_id": "101",
  "name": "Road Bike",
  "brand": "Brand A",
  "price": 1200,
  "specs": "Carbon frame, Shimano gears"
},
{
  "_id": "102",
  "name": "Mountain Bike",
  "brand": "Brand B",
  "price": 1500,
  "specs": "Aluminum frame, Hydraulic brakes"
},
{
  "_id": "103",
  "name": "Hybrid Bike",
  "brand": "Brand C",
  "price": 900,
  "specs": "Steel frame, City tires"
},
{
  "_id": "104",
  "name": "Electric Bike",
  "brand": "Brand D",
  "price": 2500,
  "specs": "Aluminum frame, 25 mph"
},
{
  "_id": "105",
  "name": "Folding Bike",
  "brand": "Brand E",
  "price": 1100,
  "specs": "Carbon frame, Foldable"
},
{
  "_id": "106",
  "name": "BMX Bike",
  "brand": "Brand F",
  "price": 450,
  "specs": "Steel frame, Stunt pegs"
},
{
  "_id": "107",
  "name": "Cruiser Bike",
  "brand": "Brand G",
  "price": 300,
  "specs": "Aluminum frame, Wide tires"
},
{
  "_id": "108",
  "name": "Kids Bike",
  "brand": "Brand H",
  "price": 200,
  "specs": "Steel frame, Training wheels"
},
{
  "_id": "109",
  "name": "Touring Bike",
  "brand": "Brand I",
  "price": 1600,
  "specs": "Carbon frame, Pannier racks"
},
{
  "_id": "110",
  "name": "Gravel Bike",
  "brand": "Brand J",
  "price": 1700,
  "specs": "Aluminum frame, All-terrain tires"
}]