[{
  "_id": "301",
  "customerId": "1",
  "bikeId": "101",
  "serviceType": "Annual Maintenance",
  "appointmentDate": "2023-02-15"
},
{
  "_id": "302",
  "customerId": "2",
  "bikeId": "102",
  "serviceType": "Brake Repair",
  "appointmentDate": "2023-02-20"
},
{
  "_id": "303",
  "customerId": "3",
  "bikeId": "103",
  "serviceType": "Gear Adjustment",
  "appointmentDate": "2023-02-25"
},
{
  "_id": "304",
  "customerId": "4",
  "bikeId": "104",
  "serviceType": "Battery Check",
  "appointmentDate": "2023-03-01"
},
{
  "_id": "305",
  "customerId": "5",
  "bikeId": "105",
  "serviceType": "Tire Replacement",
  "appointmentDate": "2023-03-06"
},
{
  "_id": "306",
  "customerId": "6",
  "bikeId": "106",
  "serviceType": "Chain Lubrication",
  "appointmentDate": "2023-03-11"
},
{
  "_id": "307",
  "customerId": "7",
  "bikeId": "107",
  "serviceType": "Custom Fitting",
  "appointmentDate": "2023-03-16"
},
{
  "_id": "308",
  "customerId": "8",
  "bikeId": "108",
  "serviceType": "Safety Check",
  "appointmentDate": "2023-03-21"
},
{
  "_id": "309",
  "customerId": "9",
  "bikeId": "109",
  "serviceType": "Paint Job",
  "appointmentDate": "2023-03-26"
},
{
  "_id": "310",
  "customerId": "10",
  "bikeId": "110",
  "serviceType": "Suspension Overhaul",
  "appointmentDate": "2023-03-31"
}]