[{
  "_id": "1",
  "name": "John Doe",
  "email": "johndoe@example.com",
  "address": "123 Maple Street",
  "phone": "555-1234"
},
{
  "_id": "2",
  "name": "Jane Smith",
  "email": "janesmith@example.com",
  "address": "456 Oak Avenue",
  "phone": "555-5678"
},
{
  "_id": "3",
  "name": "Emma Jones",
  "email": "emmajones@example.com",
  "address": "789 Pine Road",
  "phone": "555-9012"
},
{
  "_id": "4",
  "name": "Michael Brown",
  "email": "michaelbrown@example.com",
  "address": "135 Spruce Blvd",
  "phone": "555-3456"
},
{
  "_id": "5",
  "name": "Chloe Davis",
  "email": "chloedavis@example.com",
  "address": "246 Cedar Lane",
  "phone": "555-7890"
},
{
  "_id": "6",
  "name": "Lucas Miller",
  "email": "lucasmiller@example.com",
  "address": "357 Birch Parkway",
  "phone": "555-6543"
},
{
  "_id": "7",
  "name": "Sophia Wilson",
  "email": "sophiawilson@example.com",
  "address": "468 Elm St",
  "phone": "555-3210"
},
{
  "_id": "8",
  "name": "Mason Lee",
  "email": "masonlee@example.com",
  "address": "579 Palm Road",
  "phone": "555-4321"
},
{
  "_id": "9",
  "name": "Isabella Patel",
  "email": "isabellapatel@example.com",
  "address": "680 Oak Knoll",
  "phone": "555-8765"
},
{
  "_id": "10",
  "name": "Oliver Smith",
  "email": "oliversmith@example.com",
  "address": "791 Maple Ave",
  "phone": "555-6789"
}]